{
    "name": "wancr-gunslinger",
    "title": "WANCR Gunslinger",
    "description": "Gunslinger Class for D&D 5e by Mage Hand Press. Available Eras: Renaissance. Available Subclasses: Janissary.",
    "version": "1.0.0",
    "author": "TastyPig#0764",
    "minimumCoreVersion": "0.8.6",
    "compatibleCoreVersion": "0.8.9",
    "packs": [
        {
            "name": "gunslinger",
            "label": "Gunslinger",
            "path": "./packs/gunslinger.db",
            "entity": "Item"
        }
    ],
	"url": "https://github.com/crashmars/wancr-gunslinger",
    "manifest": "https://github.com/crashmars/wancr-gunslinger/blob/main/module.json",
    "download": ""
  }
